TRUE,question,janru,When,FALSE,FALSE,FALSE,https
CAM(Computer Aided Manufacturing),コンピュータを利用して工作機械を制御することで、製造作業の精度や効率を高めることを何という,ストラテジ,平成24年秋期 問12,MRP(Materials Requirements Planning),CAD(Computer Aided Design),HDD(ハードディスク),https://www.itpassportsiken.com/kakomon/24_aki/q12.html
財務,CFOが責任をもつ対象,ストラテジ,平成29年秋期 問23,情報,マネジメント以外,財務以外,https://www.itpassportsiken.com/kakomon/29_aki/q23.html
金融取引に当たり、口座開設時の取引目的や本人確認を徹底し、資金の出所が疑わしい取引かどうかを監視する。,マネーロンダリングの対策に関する記述は？,ストラテジ,令和4年 問29,紙幣の印刷に当たり、コピー機では再現困難な文字や線、傾けることによって絵が浮かび上がるホログラムなどの技術を用いて、複製を困難にする。,IEEE802.3:LAN,ISO9001:品質マネジメント,https://www.itpassportsiken.com/kakomon/04_haru/q29.html
システムの基本方針,ソフトウェアやサービスの取引契約内容の不透明さを取り除くために、発注者が提案依頼書に記載すべき項目とは,ストラテジ,サンプル問題1 問25,プログラム仕様書,開発工数,担当するスクラムマスター,https://www.itpassportsiken.com/kakomon/01_sample/q25.html
消費者,PL法(製造物責任法)の保護の対象,ストラテジ,平成26年春期 問17,メーカー,小売業者,クッキー,https://www.itpassportsiken.com/kakomon/26_haru/q17.html
新システム開発の実施体制,発注元企業がベンダー企業に対して求めるべき提案事項 ,ストラテジ,平成29年春期 問9,デュプレックスシステム,提案内容の評価基準,ハイパネーション,https://www.itpassportsiken.com/kakomon/29_haru/q9.html
(売上総利益)－(販売費及び一般管理費),営業利益はどれ,ストラテジ,令和4年 問30,(売上高)－(売上原価)=売上総利益(粗利益),(経常利益)＋(特別利益)－(特別損失)=税引前当期純利益,(税引前当期純利益)－(法人税、住民税及び事業税),https://www.itpassportsiken.com/kakomon/04_haru/q30.html
流動比率(%)=流動資産/流動負債*100,流動比率とは,ストラテジ,令和4年 問28,流動比率(%)=流動資産/流動負債*100ではない,FAとも呼ばれる工場の自動化を表す言葉,OAとも呼ばれる事務機器や事務作業の自動化を表す言葉。,https://www.itpassportsiken.com/kakomon/04_haru/q28.html
自己資本に対する収益性を表した指標,ROEとは,ストラテジ,平成25年春期 問2,在庫回転率とも呼ばれる売上高に対して在庫が何回転したかを示した指標,営業利益が増えている場合、売上高と営業外収益は+。,減価償却方法を確認する場合定額法を用いて償却する。,https://www.itpassportsiken.com/kakomon/25_haru/q2.html
KGI=goalであり成約件数とも呼ばれるKPI=目標達成のための活動であり提案件数とも呼ばれる。,KGIとKPIとは,ストラテジ,令和5年 問8,前日の在庫の合計金額-現在の出庫の合計金額=現在庫の合計金額,キャッシュフローとも呼ばれる,キャッシュフローの減少要因は売掛金の増加,https://www.itpassportsiken.com/kakomon/05_haru/q8.html
固定費=売上-利益-変動費なので46965,ある商品を5個販売したところ、売上が5万円、利益が3000円となった。商品1個当たりの変動費が7円であるとき、固定費は何円か。,ストラテジ,平成29年春期 問31,固定費=売上-利益-変動費なので1200,固定費=売上-利益-変動費なので3500,固定費=売上-利益-変動費なので5000,https://www.itpassportsiken.com/kakomon/29_haru/q31.html
顧客別のRFM分析,CSFの達成度を評価するために用いる分析とは？,ストラテジ,平成26年春期 問1,新規顧客のデモグラフィック分析,新商品のPOS分析,POS分析では、新商品の売上数、購買層、販売が多い時間帯などを明らかにすることができます,https://www.itpassportsiken.com/kakomon/26_haru/q1.html
開発期間の短縮,コンカレントエンジニアリングの目的,ストラテジ,平成24年秋期 問28,開発した技術の標準化,生産工程の歩留り率向上,自社の技術的な強みを生かした製品開発,https://www.itpassportsiken.com/kakomon/24_aki/q28.html
ディスクロージャー,企業の経営状況を外部に公開することを何というか,ストラテジ,平成22年春期 問19,株式公開,concat,結合,https://www.itpassportsiken.com/kakomon/22_haru/q19.html
システム化対象業務の問題点を分析し、システムで解決する課題を定義する。,システム化計画プロセスで実施する作業とは,ストラテジ,平成31年春期 問6,"経営上のニーズ・課題の確認""は、システム化構想プロセスの作業。",情報システム戦略に連動した経営上の課題やニーズを把握する。,システムの要件（詳細を)定義する。,https://www.itpassportsiken.com/kakomon/31_haru/q6.html
電話応対時に、質問の音声を読み取って解析し、FAQから最適な回答候補を選び出す確度を高める。,コールセンターにおける電話応対業務において、AIを活用し、より有効なFAQシステムを実現する事例とは,ストラテジ,令和5年 問16,受信した電話番号から顧客の情報、過去の問合せの記録を、顧客情報データベースから呼び出してオペレーターの画面に表示する。,クラスタシステム,ほかのコンピュータに処理を肩代わりさせることで、システム全体の処理を停止させないようにするもの,https://www.itpassportsiken.com/kakomon/05_haru/q16.html
住民サービスの向上と行政事務の効率向上を図る。,住民基本台帳ネットワークシステム構築の目的として挙げられているものはどれか。,ストラテジ,平成24年春期 問13,イノベーションが伝統になるまで採用しない、ラガードと呼ばれることがある。,流行に敏感で、情報収集を自ら行い、判断する人。アーリーアダプタとも呼ばれる。,流行に敏感で、情報収集を自ら行い、判断する人。オピニオンリーダーとも呼ばれる。,https://www.itpassportsiken.com/kakomon/24_aki/q13.html
業務の品質を数値化した後ばらつかないようにして業務品質を改善すること,シックスシグマ活動とは,ストラテジ,平成24年春期 問24,職場のメンバでグループを作り、職場内で発生する様々な問題を継続的に解決する,QCサークル,エラーを多くする活動のこと,https://www.itpassportsiken.com/kakomon/24_aki/q24.html
Consumer to Cは人と人が商品を取引すること。,消費者がメーカーや小売店以外の個人から商品を購入する形態は,ストラテジ,平成24年春期 問23,Business to Bは企業と企業の取引,B to Gは企業と行政の取引,B to GはBusiness to Governmentとも呼ばれる,https://www.itpassportsiken.com/kakomon/24_aki/q23.html
比較的早期に自らの価値判断で当該商品を購入し、後続する消費者層に影響を与える層,オピニオンリーダーとは,ストラテジ,平成23年秋期 問8,比較的懐疑的な人。周囲の大多数が試している場面を見てから同じ選択をする。レイトマジョリティとも呼ばれる。,比較的慎重派な人。平均より早くに新しいものを取り入れる。アーリーマジョリティとも呼ばれる。,比較的慎重派な人。平均より早くに新しいものを取り入れる。ブリッジピープルとも呼ばれる。,https://www.itpassportsiken.com/kakomon/24_haru/q8.html
通報したことを理由とした解雇の無効,勤務先の法令違反行為の通報に関して，公益通報者保護法で規定されているもの,ストラテジ,平成31年春期 問4,勤務先の同業他社への転職のあっせん,通報の内容に応じた報奨金の授与,,null
全ての条件を満たしていることが、論理積である。,二科目X、Yの成績を評価して合否を判定する。点数はワークシートのセルA2、B2に入力する。合計点が120点以上であり、2科目とも50点以上であればセルC2に“合格”、それ以外は“不合格”と表示される。論理積について正しい情報は,ストラテジ,平成31年春期 問98,論理和とは一方の条件が満たされているときに成立する。,主記憶装置は低速でDRAMである。,キャッシュメモリはレジスタより遅いと言われています。,null
ITガバナンスの方針,企業の情報システム戦略で明示するもの,ストラテジ,平成30年春期 問4,基幹システムの開発体制,ベンダー提案の評価基準,問題児,null
PPM:個々の事業の戦略的な位置付けを明確にし，経営資源の最適配分を考える。,PPMの適用事例とは,ストラテジ,平成26年春期 問9,PPM:仕事の流れや方法を根本的に見直し，最も望ましい業務の姿に変革する。,BPR:仕事の流れや方法を根本的に見直し，最も望ましい業務の姿に変革する。,BCP:大規模災害などの発生時においても，事業が継続できるように準備する。,null
IEEE802.3:LAN ISO9001:品質マネジメント ISO14001:環境マネジメント,標準化規格とその対象分野の組合せは,ストラテジ,平成23年秋期 問15,IEEE802.3:環境マネジメント ISO9001:品質マネジメント ISO14001:LAN,,,null
セグメントマーケティング,集中すべき顧客層を絞り込むマーケティング戦略として，最も適切なものはどれか。,ストラテジ,令和4年春期 2問,マスマーケティング,サービスマーケティング,MOT,null
EA,現状と理想との乖離を明確にし，目標とする理想像に向けた改善活動を移行計画として定義する最適化の手法とは,ストラテジ,令和4年春期 問7,MOT,技術開発の成果によって事業利益を獲得することを目的とした経営手法,SOAと呼ばれる他のソフトウェアとの連携を容易にする手法,null
企業が保有や出願している特許を，事業への貢献や特許間のシナジー，今後適用が想定される分野などを分析するためにまとめたもの,特許ポートフォリオとは,ストラテジ,令和4年春期 問10,自社製品のシェアと市場の成長率を軸にしたマトリックスに，市場における自社や競争相手の位置付けを示したもの,複数の特許権者同士が，それぞれの保有する特許の実施権を相互に許諾すること,複数の特許権者同士が，保有する特許の実施権を相互に許諾するクロスライセンスと言われることもある。,null
顧客ごとに異なる個別仕様の製品の，多様なITによるコスト低減と短納期での提供,インダストリー4.0から顕著になった取組とは,ストラテジ,令和4年春期 問18,,製造工程のコンピュータ制御に基づく自動化による，大量生産品の更なる低コストでの製造 ,動力の電力や石油への移行とともに，統計的手法を使った科学的生産管理による，同一規格の製品のベルトコンベア方式での大量生産,null
商品の流通在庫の削減や顧客満足の向上し、商品の生産，在庫，販売などの情報を管理すること,SCMシステムを構築する目的は,ストラテジ,令和4年春期 問22,顧客に提供する価値が調達，開発，製造，販売，サービスといった一連の企業活動のどこで生み出されているのかを明確化する,バリューチェーンとも呼ばれる。,stock management,null
業務で必要となる人の役割,アクティビティ図とは,ストラテジ,令和4年春期 問25,業務プロセスを表記するため、DFDとアクティビティ図が必要である。,パレート図は重点的に解消すべき課題を明らかにすることができる。,アライアンスとは自社が保有していない技術やノウハウを，他社から短期間で補完するための手段である。,null
processのようなPoC,想定している効果が得られるかがわからないので，試行して実現性の検証を行うprocessのようなことを何という？,ストラテジ,令和4年 問35,顧客や企業との関係を深め、そしてエンゲージするSoe,Systems of RecordのようなSoR,IoT,null
RFP,調達条件などを明示して提案書の提出を依頼する文書は,ストラテジ,令和2年秋期 問1,システム化の目的や業務概要などを示すことによって，関連する情報の提供を依頼する文書はRFIである。,Raft with problems,リクエスト・フォア・インフォメーション,null
請負契約ではB社に帰属し，派遣契約ではA社に帰属する。,設計までをA社で行ったプログラムの開発を，請負契約に基づきB社に委託して行う形態と，B社から派遣契約に基づき派遣されたC氏が行う形態を検討している。開発されたプログラムの著作権の帰属を会社間の契約で定めていないときの著作権の帰属先は,ストラテジ,令和2年秋期 問12,請負契約ではA社に帰属し，派遣契約ではA社に帰属する。,請負契約ではA社に帰属し，派遣契約ではC社に帰属する。,請負契約ではB社に帰属し，派遣契約ではC社に帰属する。,null
自分には閲覧権限のない人事評価情報を盗み見するために，他人のネットワークIDとパスワードを無断で入手し，自分の手帳に記録した。,不正アクセス禁止法で定められている禁止行為とは,ストラテジ,令和2年秋期 問13,ウェアラブルデバイスでスマートウォッチで血圧や体温などの測定データを取得し，異常を早期に検知した,部門の保管庫に保管されていた人事評価情報が入ったUSBメモリを上司に無断で持ち出し，自分のPCに直接接続してその人事評価情報をコピーした。,ハイパネーションによりシャットダウンする前に、作業内容をHDDなどの補助記憶装置に退避させたこと。,null
被災時にも事業を継続するために，本社機能を代替する支社を規定し，限られた状況で対応すべき重要な業務に絞り，その業務の実施手順を整備する。,BCPの例とは,ストラテジ,令和2年秋期 問26,毎年の予算に本社建物の保険料を組み込み，被災前の本社建物と同規模の建物への移転に備える。,企業間で商取引の情報の書式や通信手順を統一し，電子的に情報交換を行うEDI,企業内の様々なシステムやデータベースにアクセスする入口を提供するEIP,null
Equity(自己資本),ROEのEとは,ストラテジ,令和2年秋期 問30,economi,営業利益,earnings,null
(売上総利益)－(販売費及び一般管理費),営業利益を求める計算式は,ストラテジ,令和2年秋期 問34,(売上高)－(売上原価)=売上総利益,(税引前当期純利益)－(法人税，住民税及び事業税)=当期純利益,(経常利益)＋(特別利益)－(特別損失)=税引前当期純利益,null
特別利益-特別損益は考慮しない,経常利益を決める場合は・・・？,ストラテジ,令和元年秋期 問2,売上高ー売上原価をしない,営業利益+営業外収益-営業外費用をしない,材料調達から商品販売までの流れを一括管理するSCMを使わない,null
企業の存在理由や価値観を明確にすることができる。,企業の経営理念を策定する意義として，最も適切なものは,ストラテジ,令和元年秋期 問12,企業の到達したい将来像を示すことができる。,企業の経営目標を実現するためのシナリオを明確にすることができる。,,null
建築物、工業製品などの設計にコンピュータを用いること Computer Aided Designとも呼ばれます。,CADとは,ストラテジ,令和元年秋期 問14,アナログ信号をデジタル信号に変換する回路 A/D変換器とも呼ばれます。,光を電気信号に変換する撮像素子と呼ばれる。CCDイメージセンサーやCMOSイメージセンサー,文字，画像，音声などのデータを組み合わせて一つのコンテンツを作るオーサリング,null
個人情報の入力業務の委託先の変更,個人情報保護法において，本人に通知又は公表が必要となるもの,ストラテジ,令和元年秋期 問27,利用しなくなった個人情報の削除,SFAが業務の効率化ということを解説すること。,デザイン思考のために利用者の本質的なニーズに基づき，製品やサービスデザインを行うこと,null
ルール化された定型的な操作を人間の代わりに自動で行うソフトウェアが，インターネットで受け付けた注文データを配送システムに転記する。,RPAとは,ストラテジ,令和元年秋期 問33,ロボットが，工場の製造現場で組立てなどの定型的な作業を人間の代わりに自動で行う。,人間の形をしたロボットが，銀行の窓口での接客など非定型な業務を自動で行う。,,null
顧客や製品といった業務の管理対象間の関係を図示し，その業務上の意味を明らかにする。,E-R図を使用してデータモデリングを行う理由とは,ストラテジ,令和3年 問1,業務上でのデータのやり取りを把握し，ワークフローを明らかにする。,現行業務でのデータの流れを把握し，業務遂行上の問題点を明らかにする。,エンタープライズサーチを使い企業のデータを検索するため,null
証券会社において，顧客がPCの画面上で株式売買を行うときに，顧客に合った投資信託を提案したり自動で資産運用を行ったりする，ロボアドバイザのサービスを提供する。,FinTechの事例とは,ストラテジ,令和3年春期 問13,銀行において，災害や大規模障害が発生した場合に勘定系システムが停止することがないように，障害発生時には即時にバックアップシステムに切り替える,クレジットカード会社において，消費者がクレジットカードの暗証番号を規定回数連続で間違えて入力した場合に，クレジットカードを利用できなくなるようにする。,答えはない,null
他人の利用者IDとパスワードを無断で使って，自社のサーバにネットワークを介してログインし，格納されていた人事評価情報を閲覧した。,不正アクセス禁止法での禁止行為とは,ストラテジ,令和3年春期 問30,同僚のPCの画面に表示されていた，自分にはアクセスする権限のない人事評価情報を閲覧した。,部門の保管庫に保管されていた人事評価情報が入ったUSBメモリを上司に無断で持ち出し，自分のPCで人事評価情報を閲覧した。,答えはない,null
調達先選定基準作成,ソフトウェアを調達する際、RFP作成の後にすることは,ストラテジ,平成23年特別 問4,RFP説明,提案書作成,2番目に長い文字の説明,null
システム管理基準,"経営戦略に沿って効果的な情報システム戦略を立案し，効果的な情報システム投資のための，またリスクを低減するためのコントロールを適切に整備・運用するための実践規範""",ストラテジ,平成23年特別 問6,システム監査基準,情報セキュリティ監査基準,,null
システム管理基準,効果的な情報システム投資及びリスク低減のためのコントロールを適切に行うための実践規範,ストラテジ,平成27年春期 問1,情報システム安全対策基準,企業目標の達成に向けて行われる活動の実行状況を計るために設定する重要な指標,KPI,null
BI,情報を経営者や社員が自ら分析し，分析結果を経営や事業推進に役立てるといった概念は,ストラテジ,平成27年春期 問6,SOA,言語やプラットフォームに依存しないでシステムを構築するSOA,業務及びシステムを統一的な手法でモデル化し、改善することを目的としたEA,null
利害関係者のニーズの識別,要件定義プロセスの実施内容として、適切なものは,ストラテジ,平成27年春期 問10,システム化計画の立案,業務及びシステムの移行,ソフトウェアの詳細設計,null
蓄積された知識やノウハウを組織全体で共有し，営業活動の効率と管理水準の向上を図る。,SFAの目的に関する記述として，適切なものはどれか。,ストラテジ,平成27年春期 問13,他の優れた企業の業績や組織の分析を通じて，自社の営業組織の見直しを図る。,販売情報を基に，資材の調達から生産，流通，販売までの一連のプロセスを改善して全体の在庫の最適化を図る。,,null
ISOなど，国際的な規格との整合性に配慮した規格である。,日本産業規格(JIS)とは,ストラテジ,平成27年春期 問14,食品や医薬品の安全性に関する基準を規定している。,規格に適合しない製品の製造・販売は禁止されている。,電気通信事業法,null
新商品を投入したところ，他社商品が追随して機能の差別化が失われ，最終的に低価格化競争に陥ってしまった。,コモディティ化とは,ストラテジ,平成27年春期 問17,新商品を投入したところ，類似した機能をもつ既存の自社商品の売上が新商品に奪われてしまった。,新商品を投入したものの，当初から頻繁に安売りしたことによって，目指していた高級ブランドのイメージが損なわれてしまった。,多数の類似製品が出たわけではない,null
市場のニーズ,プロダクトイノベーションの要因とは,ストラテジ,平成27年春期 問23,効率的な生産方式,原材料の調達→加工・組立→配送→販売といった過程のようなサプライチェーン,企業が提供する製品やサービスの付加価値が事業活動のどの部分で生みだされているかを分析する考え方であるバリューチェーン,null
集計という文字はプロセスのみで、層が=と重ならない,伝票がファイリングされた後、決算作業開始時にファイリングされた伝票を決算担当者と検算担当者が別々に集計し，両者の結果を照合するDFDは,ストラテジ,平成27年春期 問25,受注→出荷→請求という流れは関係ない,顧客や製品といった業務の管理対象間の関係を図示し，その業務上の意味を明らかにすることがある。,E-R図を使用してデータモデリングを行う理由となることがある。,null
上司による労働時間の管理が必要であり、コアタイムの時間帯は，勤務する必要がある。,フレックスタイム制について正しい情報は？,ストラテジ,平成30年秋期 問4,実際の労働時間によらず，残業時間は事前に定めた時間となる。,UXとも呼ばれるサービスなどの利用場面を想定したり，実際に利用したりすることによって得られる人の感じ方や反応,ユーザビリティ(使用性)と言われる指定された条件の下で，利用者が効率よく利用できるソフトウェア製品の能力,null
電子商取引のためのメッセージを通信回線を介して異なる組織間で交換するEDI,企業間で商取引の情報の書式や通信手順を統一し，電子的に情報交換を行う仕組みとは,ストラテジ,令和2年秋期 問27,企業内の様々なシステムやデータベースにアクセスする入口を提供するEIP,企業全体の経営資源を有効かつ総合的に計画・管理するERP,検札所の通過をスムーズに行うために料金所の通過時に自動で料金を精算するETC,null
発注側企業がITベンダーに，導入システムの概要を示す。,システム開発において作成されるRFPに記載される情報に関する記述とは,ストラテジ,平成29年春期 問18,ITベンダーが発注側企業に，開発期間の見積りを示す。,ITベンダーが発注側企業に，調達条件を示す。,発注側企業がITベンダーに，開発体制を示す。,null
製品の品質が向上する。,プロセスイノベーションによって，直接的に得られる成果は,ストラテジ,平成30年秋期 問22,新たな市場が開拓される。,製品一つ当たりの生産時間が増加する。,不良品などを除いて最終的に製品になる割合である歩留り率が低下する。,null
SFA 営業支援システム,営業部門の組織力強化やグループ内で情報の共有をするシステム,ストラテジ,平成30年秋期 問34,MRP 部品表と生産計画をもとに必要な資材の所要量を求め,POS物品販売の売上実績を単品単位で集計する経営の実務手法。,生産，販売に関する情報を，企業内や企業間で共有・管理することで，ビジネスプロセスの全体最適を目指すSCM,null
取締役の一部を社外取締役にする。,コーポレートガバナンスの観点から，経営の意思決定プロセスを監視・監督する機能を強化する方法とは,ストラテジ,平成27年春期 問30,社長室への出入りを監視するためのカメラを設置する。,法学部出身者を内部監査部門の社員として雇用する。,,null
コンカレントエンジニアリング,工程間で設計情報を共有し，前工程が完了しないうちに，着手可能なものから後工程の作業とは,ストラテジ,平成27年春期 問31,FMS Flexible Manufacturing System生産の自動化を実現する,MRP 必要な資材の所要量を算出し在庫、発注、納入の管理を支援するシステムです。,ジャストインタイム 在庫の無駄をなくし必要な時に必要な量だけ生産することを意味します。,null
DFDと呼ばれることがある業務の流れの改善点,業務分析を行うときに，DFDを用いて何を検討する？,ストラテジ,平成23年秋期 問3,アローダイアグラムと呼ばれることがある業務のクリティカルパス,業務の作業コスト,ガントチャートやアローダイアグラムと呼ばれる業務の作業日程,null
ROI,システム化計画において，情報システムの費用対効果を評価することを何という,ストラテジ,平成28年秋期 問6,自己資本比率,短期の支払い能力がある流動比率,流動負債,null
経営資源が縮小された状況における重要事項の継続,大災害を想定したBCPを作成する目的とは,ストラテジ,平成28年秋期 問7,設備の保全,被災地への連絡の手段の確保,労働災害の原因となるリスクの発生確率とその影響の低減,https://www.itpassportsiken.com/bunya.php?m=1&s=1&no=18
自社に不足している機能を企業買収などによって他社から取り込み，事業展開を速めること,M&Aとは,ストラテジ,平成28年秋期 問12,企業の提供する製品やサービスなどの価値を生み出すための業務の流れ，価値の連鎖を分析するバリューチェーン,企業を事業ごと又は地域ごとに分割する事業部制組織,財務的尺度だけでなく，非財務的尺度からも業績評価を行うバランススコアカード,null
経営者の規律や重要事項に対する透明性の確保，利害関係者の役割と権利の保護など，企業活動の健全性を維持する枠組み,コーポレートガバナンスとは,ストラテジ,平成28年秋期 問16,競合他社では提供ができない価値を顧客にもたらす，企業の中核的な力,社会や利害関係者に公表した，企業の存在価値や社会的意義など，経営における普遍的な信念や価値観,事業の成功に向けて，持続的な競争優位性の確立に向けた事業領域の設定や経営資源の投入への基本的な枠組み,null
売上高÷平均在庫高,在庫回転率の算出式とは,ストラテジ,平成28年秋期 問17,総資産回転率の算出式でもある売上高÷総資産,平均在庫高の算出式ともいわれる(期首在庫高＋期末在庫高)÷2,在庫回転期間の算出式と言われる平均在庫高÷売上高,null
店舗ごとの品ぞろえの改善と発注や在庫管理業務の効率化,POSシステムの構築でできることは,ストラテジ,平成28年秋期 問18,調達から製造・配送・販売に至る一連のプロセスの最適化(SCM),構成部品及び仕掛品の在庫量削減(SFA),営業員の業務生産性向上と営業部門の組織力強化(SFA),null
電気工学・電子工学技術分野以外は国際標準化機関ではないIEEE,イーサネットのLANや無線LANなどに関する標準化活動を推進している，米国の学会は,ストラテジ,平成28年秋期 問19,DNS管理に関する調整などを世界規模で行うICANN,電気通信分野の国際標準化機関であるITU,World Wide Web Consortiumと呼ばれるW3C,null
遵守すべき法律やルールについて従業員に教育を行った。,コンプライアンスの取組み強化活動の事例,ストラテジ,平成28年秋期 問29,利益が得られにくい事業から撤退した。,従業員の社会貢献活動を支援するプログラムを拡充した。,セキュリティの弱点を突いて侵入する行為を規制する法律「不正アクセス禁止法」を全員で覚える,null
ソフトウェアの開発期間の短縮,PC用のOSを情報家電のOSに採用することがある目的は,ストラテジ,平成26年春期 問2,売上高の大きな商品から得られる利益によって，売上高の小さな商品による損失をカバーすることができること,,答えはない,null
販売に必要なコストが少ないので，売上高の小さな商品を数多く取り扱うことによって利益を上げられること,ロングテール現象とは,ストラテジ,平成26年春期 問18,ブログに書かれた評価などの影響によって，商品の発売直後から販売が好調で，時間が経過しても衰えないこと,商品を手にとって見ることができないので，店舗販売に比べて販売開始からヒット商品になるまでの時間が長く掛かるようになること,企業秘密漏えい禁止の就業規則に反するが，勤務先の通報対象事実を，法に基づいて定められた通報先に実名で通報する現象,https://www.itpassportsiken.com/kakomon/26_haru/q19.html
部下の企画立案能力向上のために，チームの販売計画の立案を命じた。,OJTに該当する事例とは,ストラテジ,平成26年春期 問25,販売情報システムに関する営業担当者の理解を深めるために，説明会を実施した。,転入者の庶務手続の理解を深めるために，具体的事例を用いて説明した。,新任管理職のマネジメント能力向上のために，勉強会を行った。,null
登録会員相互のコミュニケーション及び企業と登録会員のコミュニケーションの場や話題を提供することで，顧客のブランドロイヤルティを向上させる。,ソーシャルネットワーキングサービスの利用事例,ストラテジ,平成29年秋期 問5,アフィリエイトと呼ばれる広告を載せているWebサイトの主に広告掲載の対価となる報酬を支払う機能がないと動かない,ネットワークを経由して必要とするソフトウェアの機能を必要なときに利用することで，コストの削減を行う。,ソーシャルネットワーキングサービスを使う必要がある。,null
要件定義,開発するシステムの機能に関して利害関係者の合意が必要なプロセス,ストラテジ,平成29年秋期 問30,企画,保守・運用,開発,null
利用者に対して，アプリケーションソフトウェアの必要な機能だけを必要なときに，ネットワーク経由で提供する。,SaaSの説明とは,ストラテジ,平成29年秋期 問11,インターネットへの接続サービスを提供する。,製品の質問メールへの回答で，その内容を知ってもらいたい複数の顧客のメールアドレスをCC欄に設定して返信した。,電子メールの送信に関する事例のうち，個人情報保護の観点から不適切なもの,https://www.itpassportsiken.com/kakomon/29_aki/q12.html
ハウジングは自社のサーバや通信機器を専門業者の施設内に預けて使用することができる。,正しい文章はどれ,ストラテジ,平成23年秋期 問5,損益計算書の営業利益の算出に関係する費用は広告宣伝費ではない。,ホスティングは専門業者の通信設備やサーバの一部を利用者が利用できない,SaaSはソフトウェアの必要な機能だけを必要時に，利用者がネットワーク経由で利用できるわけではない,null
各部門の職務の内容と責任及び権限を定めたもの,職務分掌とは,ストラテジ,平成28年春期 問26,会社の基本となる経営組織，職制を定めたもの,従業員の労働条件などの就業に関する事項を定めたもの,定款、就業規則をまとめたもの,null
自社の経営計画の実行状況,PDCAのCに当てはまるものは,ストラテジ,平成23年特別 問8,自社の経営を取り巻く外部環境の分析結果,販売会社ごとの機能的・品質的な差異がごく僅かとなるコモディティ化,新たに市場に投入した商品が、それと類似する既存の自社商品の売上を奪ってしまうカニバリゼーション,null
損益分岐点売上高=固定費/(1-変動費/売上高),正しい文章は,ストラテジ,平成26年秋期 問1,損益分岐点売上高=固定費/(1+変動費/売上高),技術開発においては新技術を開発したときにスポンサーがつき製品化・事業化ができること=死の谷,許可を得て業務に使用されている従業員所有のPCや、承認を経て利用されている外部サービスはシャドーITである,null
散布図,2種類のデータの関係性を表すことを目的として用いるものは,ストラテジ,平成24年秋期 問8,決定表,パレート図,結果とそれに影響を及ぼしたと思われる要因の関係特性要因図,null
親会社の新製品を案内するために，顧客情報を親会社へ渡した。,個人情報を他社に渡した事例のうち，個人情報保護法において，本人の同意が必要なものは,ストラテジ,平成24年秋期 問20,顧客リストの作成が必要になり，その作業を委託するために，顧客情報をデータ入力業者へ渡した。,請求書の配送業務を委託するために，顧客情報を配送業者へ渡した。,身体に危害を及ぼすリコール対象製品を回収するために，顧客情報をメーカーヘ渡した。,null
開発期間の短縮,コンカレントエンジニアリングの目的,ストラテジ,平成24年秋期 問28,開発した技術の標準化,生産工程の歩留り率向上,自社の技術的な強みを生かした製品開発,null
OSなどに存在するセキュリティ上の弱点を電気通信回線を通じて攻撃してコンピュータを不正利用する行為,不正アクセス行為の禁止等に関する法律で禁止されている行為は,ストラテジ,平成24年春期 問4,営業秘密や営業上のノウハウの盗用などの不正行為,他人を誹誇中傷する内容をホームページや掲示板などへ掲載する行為,本人に対して個人情報の利用目的を隠し，不正な手段で取得する行為,null
システム化の範囲と機能を具体化し，利害関係者間で合意すること,システム開発における業務要件を定義する目的,ストラテジ,平成24年春期 問8,経営目標を達成するためにIT化の方針と実施計画を作成すること,企画プロセスの目的,企業の経営資源を有効に活用し，統合的に管理することERP,null
スキー板を購入した顧客にスキーウェアの購入を薦める。,顧客に対する販売手法のうち，クロスセリング,ストラテジ,平成24年春期 問12,コンパクトカメラを求めている顧客に一眼レフカメラの購入を薦める。,車の点検に来た顧客に新しいタイプの車への乗換えを薦める。,別の商品をお勧めすることではない,null
経営戦略との整合性を考慮する。,情報システム戦略の立案において，情報システム全体の最適化の方針や目標を設定する際に実施すべきことは,ストラテジ,平成24年春期 問22,開発に必要な要員のスキルを明確にする。,消費者がメーカーや小売店以外の個人から商品を購入する形態,C to C,null
?=企業が資本をどれだけ効率的に利用して売上げを上げたかを示す自己資本回転率,自己資本利益率＝売上高利益率×?,ストラテジ,平成24年春期 問25,?=負債が少ないことを示す自己資本比率,?=値が低いほど収益性が高く、かつ売上減少に耐える力が強い損益分岐点比率,?=企業の短期支払能力を示す流動比率,null
出張申請から交通費の精算までの承認手続の電子化,グループウェアの機能を利用した事例のうち，ワークフロー管理機能を活用したもの,ストラテジ,平成31年春期 問2,決済処理・承認処理の業務手順を電子化することがワークフローシステムではない,ネットワーク上での本支店間会議の実施,ネットワーク上での本支店間会議の実施は電子会議室機能を活用したものです。,null
CMS=Webサイトの運用にかかわる労力を削減できる,自社のWebサイトのコンテンツのバージョン管理や公開に労力が割かれている。それを改善するために導入するシステムとは,ストラテジ,平成31年春期 問8,CAD＝コンピュータ支援設計とも呼ばれ、コンピュータを用いて画面上で設計作業をすること,CRM=顧客との長期的で良好な関係を企業活動に役立てる経営手法です,SFA=営業活動にモバイル技術やインターネット技術といったITを活用すること,null
自社の製品やサービスを測定し，他社の優れたそれらと比較すること,ベンチマーキングとは,ストラテジ,平成31年春期 問10,改善を行う際に，比較や分析の対象とする最も優れた事例のこと,コアコンピタンス,BPM=PDCA,null
a=情報システム部門b=ベンダc=システム要件,提案依頼書は通常，aが，bに対して，c，調達条件などを提示する文書,ストラテジ,平成31年春期 問16,a=情報システム部門b=ベンダc=ベンダ,a=情報システム部門b=ベンダc=標準化（標準化はメーカーを意識することなく印刷ができる技術である。),a=情報システム部門b=ベンダc=ユビキタス（ユビキタスとはいつでもどこでもアクセス可能な通信ネットワーク),null
システムに盛り込む業務ルールの誤った解釈,要件定義プロセスの不備に起因する問題は,ストラテジ,平成31年春期 問17,システム開発作業の委託先の不適切な選定手続,システム開発案件の優先順位の誤った判断,製品やサービスの品質イメージを連想させることで競争優位性をもたらすコーポレートブランドを使うこと,null
特定の分野に関心のある複数の企業などが集まって結成した組織が，規格として作ったもの,フォーラム標準とは,ストラテジ,令和5年春期 問10,特定の企業が開発した仕様が広く利用された結果，事実上の業界標準になったもの,公的な標準化機関において，透明かつ公正な手続の下，関係者が合意の上で制定したデジュール標準,デジタルサイネージのような広告,null
BPMN=ビジネスプロセスをワークフローとして視覚的に表現するための手法です,OMGによって維持されており，国際規格ISO/IEC 19510として標準化されているビジネスプロセスのモデリング手法及び表記法は,ストラテジ,令和5年春期 問23,"BABOK=""ビジネス分析""のノウハウやベストプラクティスを体系化したビジネスアナリシス知識体系ガイド",BPO=自社のコアビジネス以外の業務の全部または一部を外部の業者に委託することです。,定量発注方式=最適な発注量は，発注費用と在庫維持費用の総額が最小となる場合である。,null
企業の未公開の株式を，新たに公開することを表す用語,IPOとは,ストラテジ,令和5年春期 問28,キャッシュフローを担保に資金を調達して買収をすること,LBO,VC＝大きな成長の見込みがある未上場の企業に対し、出資を行う投資会社です。,null
技術に立脚する事業を行う企業が，技術開発に投資してイノベーションを促進し，事業を持続的に発展させていく経営の考え方のことである。,MOTの説明として，適切なものはどれか。,ストラテジ,平成22年秋期 問27,合併や買収などによって他社の全部又は一部の支配権を取得することである。,M&Aは他社の全部又は一部の支配権を取得することである。,株式を買い取り，経営権を取得することである。MBO,null
クレジットカードの暗証番号を規定回数連続で間違えて入力した場合に，利用できなくなるようにする。，,ロックアウトとは,ストラテジ,令和3年春期 問13,障害発生時には即時にバックアップシステムに切り替える。,障害発生時にフォールトトレラントシステムが発動する。,株式売買を行うときに，顧客に合った投資信託を提案したり自動で資産運用を行うFinTech,null
要件定義プロセス,利用者及び他の利害関係者が必要とするシステムの機能を明確にし，合意を形成するプロセスは,ストラテジ,令和3年春期 問14,受注予測の精度を上げて，製品の在庫量を適正に維持することが求められる見込み生産方式,キャッシュフローの減少要因は売掛金の増加,受注生産方式では最低限の在庫しか持ちません,null
クラス図などがあるUML,業務の流れを，図式的に記述する方法は?,ストラテジ,平成22年春期 問29,似ている言葉を結びつける親和図法,データベースを作成する際の設計図E-R図,目標や問題を発見するロジックツリー,https://itpassport-study.tokyo/entity-relationship-diagram/
企業名などから製品やサービスの品質イメージを連想させることで競争優位性をもたらすことである。,コーポレートブランドを高める目的とは,ストラテジ,平成31年春期 問21,企業が有する独自のスキルや技術に基づいて，競合他社では提供が不可能な価値を顧客にもたらすこと,競合他社では提供が不可能な価値を顧客にもたらすことをコアコンピタンス経営という,コアコンピタンス経営,null
会社法、金融商品取引法,内部統制の整備を要請しているものだけを選んでください。,ストラテジ,平成30年春期 問26,労働者派遣法,SFAは営業部門の組織力強化や営業活動の効率化を実現するために導入する情報システムである。,MRPは部品表と生産計画をもとに必要な資材の所要量を求めます。,null
A=T →B=A→T=B,変数Tを変数Aと変数Bに送る。,ストラテジ,平成22年春期 問53,A=T →B=A→ C=B,B=T →B=A T=B,B=T →B=A→A=B,null
消費者が製品を購入してから，使用し廃棄するまでに要する費用,バリューエンジニアリングの観点での総コストの説明として，適切なものは,ストラテジ,平成29年春期 問30,インターネットに接続する通信ネットワークを提供する事業者はISP,業務用のアプリケーションをインターネットを通じて、顧客にレンタルする事業者ASP,クラウドサービスSaaS,null
経営トップの目標を事業部，部，課などの目標に順次展開し，それを実施計画につなげて目標達成のために継続的な改善を進めていく活動,総合的品質管理(TQM又はTQC)の重要な手法の一つである方針管理とは,ストラテジ,平成25年春期 問14,現場で発生している問題を解決するために，関連する職場の人々がチームを作り，計画を立てて改善を進めるQCサークル,業務改善のための課題を洗い出し，既にその課題に取り組んでいる最良の他社から学ぶベンチマーキング,総当たりの攻撃ブルートフォースアタック,null
ISO 14000は環境マネジメントです。,ISOが定めた環境マネジメントシステムの国際規格は,ストラテジ,平成29年秋期 問10,,ISO 9000は品質マネジメントです。,出社した従業員が空いている席を使って仕事を行うオフィスの形態はフリーアドレスです。,null
コンピュータ資源の提供に関するサービスモデル,クラウドコンピューティングとは,ストラテジ,平成30年秋期 問9,インターネットの通信プロトコル,売上高-売上原価=売上総利益,売上総利益-販売管理費=営業利益,null
重要成功要因,バランススコアカードを用いて戦略立案する際，策定した戦略目標ごとに，その実現のために明確化する事項,ストラテジ,平成30年秋期 問18,ビジョン,企業倫理,戦略マップの作成,null
情報技術を利用して業務遂行のために情報を活用することのできる能力,情報リテラシーとは,ストラテジ,平成25年秋期 問24,企業内の情報を一括して管理し必要な情報を検索・抽出できるシステム,公共施設などに地方自治体が設置し行政手続きや公共的な案内などに利用する端末,行政キオスク端末がないと企業内検索(エンタープライズサーチ)システムは使えない。,https://www.itpassportsiken.com/kakomon/25_aki/q24.html
機能を実現するために考え出された独創的な発明,特許法による保護の対象となる選択肢は,ストラテジ,令和2年秋期 問16,新製品の形状，模様，色彩など，斬新的な発想で創作されたデザイン,新製品発表に向けて考え出された新製品のブランド名,商品の名称やロゴマークなどを保護する商標権,null
氏名などの個人情報が電子掲示板に掲載されて，個人の権利が侵害された。,プロバイダの対応責任の対象となる選択肢は,ストラテジ,令和3年春期 問17,納品書，検収書，請求書,支払までに発注側と受注側の間で交わされる書類の組合せを考えること,無断で利用者IDとパスワードを使われて，ショッピングサイトにアクセスされた。,https://www.itpassportsiken.com/kakomon/03_haru/q33.html
自己資本比率(%)＝自己資本／総資本×100,貸借対照表から求められる，自己資本比率は何%？,ストラテジ,平成30年春期 問11,純資産の部は自己資本と呼ばれることもあります。,負債の部は他人資本と呼ばれることもあります。,総資本=他人資本+自己資本,https://www.itpassportsiken.com/ipkakomon.php
インターネット機能を付けれるIOT,電力会社において，人による検針の代わりに，インターネットに接続された電力メーターと通信することができる仕組みとは,ストラテジ,令和2年秋期 問8,電子商取引のためのメッセージを通信回線を介して異なる組織間で交換するEDI,企業や家庭のコンピュータをインターネットに接続するインターネット接続事業者ISP,数cm～数mの範囲で情報のやり取りを行うRFID,null
請負契約ではB社に帰属し，派遣契約ではA社に帰属する。,設計までA社で行った開発を，請負契約に基づきB社に委託して行う。著作権が会社間の契約で定められていないとき，著作権の帰属先は,ストラテジ,令和2年秋期 問12,請負契約ではA社に帰属し，派遣契約ではA社に帰属する。,不正な利益を得ようとして，他社の商品名や社名に類似したドメイン名を使用する人,不正競争防止法で規制される人,null
製品，システム，サービスなどの利用場面を想定したり，実際に利用したりすることによって得られる人の感じ方や反応,UX(User Experience)とは,ストラテジ,令和2年秋期 問18,指定された条件の下で，利用者が効率よく利用できるソフトウェア製品の能力,できる限り多くの人が等しく利用しやすいように配慮したソフトウェア製品の設計,顧客データの分析を基に顧客を識別しインターネットなどのチャネルを用いて顧客との関係を深める手法,null
生産ラインが必要とする部品を必要となる際に入手できるように発注し，仕掛品の量を適正に保つ。,リーン生産方式とは,ストラテジ,平成31年春期 問15,自社で生産ラインをもたず，他の企業に生産を委託する。,一つの製品の製造開始から完成までを全て一人が担当し，製造中の仕掛品の移動をなくす。,セル生産方式,https://www.itpassportsiken.com/kakomon/31_haru/q15.html
顧客や従業員の目標を達成できるように動機付けるゲーミフィケーション,ゲーミフィケーションとは,ストラテジ,平成31年春期 問33,自分の戦略を決定するゲーム理論,他の企業に生産を委託するファブレス,情報システム部門が、ベンダーに対して、調達条件などを提示するシステム開発,https://www.itpassportsiken.com/kakomon/31_haru/q16.html
氏名などの個人情報が書込みサイトに掲載されて，個人の権利が侵害された。,プロバイダ責任制限法によって，プロバイダの対応責任の対象となることは,ストラテジ,平成30年春期 問30,受信した電子メールの添付ファイルによってウイルスに感染させられた。,送信に同意していない宣伝用の電子メールが幾度となく送られてきた。,無断でIDとパスワードを使われて，ショッピングサイトにアクセスされた。,null
グループウェア,A社では営業部員の行動予定を把握したいときに使うソフトウェアとは,ストラテジ,平成30年春期 問13,顧客に関するあらゆる情報を統合管理するCRMソフトウェア,企業全体の経営資源を有効かつ総合的に計画・管理するERPソフトウェア,生産から販売に至る一連の流れ全体の効率を大幅に向上させるSCMソフトウェア,null
20,特許法における特許権の存続期間は出願日から何年,ストラテジ,平成30年春期 問16,15,30,30000,null
図の左半分:資産、右上が負債、右下が純資産,貸借対照表として正しいのは,ストラテジ,平成29年秋期 問3,図の左上が費用、左下が利益、右が収益,図に左上と左下がある場合は損益計算書である,図の左が資本金の部、右上が負債の部、右下が資産の部,
電子商取引において売主と買主を仲介するエスクロー,信頼のおける第三者が介在することによって，安全性を保証するサービスとは,ストラテジ,平成29年秋期 問4,広告を載せているWebサイトの主に広告掲載の対価となる報酬を支払うアフィリエイト,最も安い価格を提示した売り手と取引ができる逆オークション,客に対して、高い信頼や強い愛着を持たせるソーシャルネットワーキングサービス,https://www.itpassportsiken.com/kakomon/29_aki/q5.html
原材料の数に対する完成品の割合を多くするBPM,PDCAサイクルを継続的に適用し、製造部門における歩留りの向上を実現する用語を何という,ストラテジ,平成29年秋期 問6,ASP 業務用のアプリケーションをインターネットを通じて、顧客にレンタルする事業者provider,業務効率の向上や業務コストの削減を目的に、対象の業務プロセスを全て外部委託するBPO,SFA Sales Force Automation営業活動にICT技術を活用し、営業の質と効率を高める考え方。,
経営戦略,継続的成長を達成するため売上が低迷している事業領域Aから撤退し，その経営資源を事業領域Bを強化するために投入する。これは何に該当する？,ストラテジ,平成29年秋期 問25,経営ビジョン,経営環境,経営理念,
要件定義,利害関係者の合意が必要なプロセス,ストラテジ,平成29年秋期 問30,保守・運用,開発,企画,
4P,売り手側の視点を分類したもの,ストラテジ,平成29年春期 問2,Customer,PPM,SWOT経営環境を、強み・弱み・機会・脅威に分類したもの,
売掛金の増加,キャッシュフロー計算書において，キャッシュフローの減少要因となるものは,ストラテジ,平成28年秋期 問11,キャッシュフローの増加要因でもある減価償却費の増加,キャッシュフローはお金の流れである。,答えはない,
主成分分析,データを分析することによって販売数量の変化を説明することを考える時に説明に使用するパラメータをできるだけ少数に絞る方法はどうすればいい？,ストラテジ,令和5年春期 問6,ABC分析,クラスター分析,複数の異なるものが混ざり合っている対象の中から、類似したものを集めて分けるためクラスター分析と呼ばれます。,
最適な発注量は，発注費用と在庫維持費用の総額が最小となる場合である。,需要量が年間を通じて安定している場合において，定量発注方式に関する記述として，最も適切なもの,ストラテジ,令和5年春期 問24,発注回数の多寡で比較したとき，発注回数の多い方が商品を保管するスペースを広くする必要がある。,APIエコノミーが利用されるとき,企業との協業を促進しながら新しいサービスを創出することなどで，ビジネスを拡大していく仕組み,https://www.itpassportsiken.com/kakomon/05_haru/q31.html
ダイバーシティマネジメント,企業が，異質，多様な人材の能力，経験，価値観を受け入れることによる価値創造力の向上を図るマネジメント手法とは,ストラテジ,令和元年秋期 問15,カスタマーリレーションシップマネジメントCRM,ナレッジマネジメントKM創造的な仕事につなげることを目指す経営管理手法,バリューチェーンマネジメント どのように価値が創造されるか、また高い価値と思われる行動,
営業秘密でないといけない不正競争防止法,営業秘密とするための要件を定めている法律はどれ,ストラテジ,令和元年秋期 問20,本人の承諾なしで不正アクセスにつながる助長行為の禁止を定めた不正アクセス禁止法,特定商取引法 購入者を保護するために事業者が守るべき義務を定めた法律,どのように価値が創造されるか、また高い価値と思われる行動であるバリューチェーンマネジメント,
Business Continuity Management計画を行うため試験運用と見直しと維持管理を行う。,BCMとは,ストラテジ,平成27年秋期 問7,サプライチェーンマネジメントとは原材料の調達から製造、販売までを一元管理し、全工程を最適化するための経営管理手法,BCP Business Continuity Plan業務を早期に復旧・再開できるようにするための行動計画,BPR Business Process Reengineeringビジネスルールを抜本的に見直しすること,https://it-trend.jp/scm/article/explain
UML,業務の流れを，図式的に記述することができるのは,ストラテジ,平成22年春期 問29,E-R図,ロジックツリー,親和図法,
業務に必要なデータを検索し，目的に合わせて活用できること,情報リテラシーに該当するものは,ストラテジ,平成28年春期 問7,過去の文書や設計図を電子ファイル化して，全社で共有すること,スキャナー,板状のデバイスに電子ペンを用いてコンピューター本体に情報を送ることができるディジタイザ,
欠品率,重要な目標にて販売の機会損失の低減を評価するのに必要な指標は？,ストラテジ,平成25年秋期 問14,売上債権回転期間,売上高利益率,新規顧客獲得数,
業務プロセスモデル=DFD データモデル=E-R図,業務をモデリングする際のモデリング手法の適切な組合せは,ストラテジ,平成22年秋期 問31,業務プロセスモデル=DFD データモデル=PERT図,業務プロセスモデル=E-R図 データモデル=DFD,新規顧客獲得数,
必要なシステム化の範囲，システム構成及び基本的なアーキテクチャが決定されている。,企画プロセスの完了時の状態として適切なものは,ストラテジ,平成25年秋期 問19,ソフトウェアの要件が決定されている場合、開発プロセスで決定される事項だ,システム要件に照らして最適化されたソフトウェアの要件が決定されている。,対象システムを含む業務や運用のための組織に関する要件が決定されている。,https://www.itpassportsiken.com/kakomon/25_aki/q19.html
医療や交通システムなどの様々な領域で，インターネットやAIを活用して，サービスの自動化と質の向上を図ること,第4次産業革命とは,ストラテジ,令和5年春期 問35,第1次産業革命は織機など，軽工業の機械の動力に蒸気エネルギーを利用することで，人手による作業に比べて生産性を高める。,第3次産業革命は産業用ロボットを工場に導入することによって，生産の自動化と人件費の抑制を行う。,工場においてベルトコンベアを利用した生産ラインを構築することで工業製品の大量生産を行う。,
原稿がない即興の講演であっても著作権は，講演者に帰属する。,著作権の帰属に関する説明を選んでください,ストラテジ,平成25年春期 問13,映画の著作権は，その原作者だけに帰属する。,憲法や法令，裁判所の判決の著作権は，国や地方公共団体に帰属する。,権利が地方公共団体に帰属することもありません。,
リーダー企業の製品を参考にして，コストダウンを図り，低価格で勝負する。,フォロワーのとる競争戦略とは？,ストラテジ,平成22年秋期 問7,その領域での専門性を極めることによってブランド力を維持するニッチ戦略というものがある。,チャレンジャー企業のとる差別化戦略です。,トップシェアの奪取を目標として，リーダー企業との差別化を図った戦略を展開する。,
新システムの利用部門の責任者,新システムの開発に当たって実施する業務要件の定義に際し，必ず合意を得ておくべき関係者,ストラテジ,平成27年秋期 問25,データマイニングの責任者,現行システムの保守ベンダーの責任者,収集された情報のなかから傾向や関連性を見出す責任者,
自己資本に対して，どれだけの利益を生み出したかを表す指標,ROEとは,ストラテジ,平成25年秋期 問3,現在の株価が，前期実績又は今期予想の1株当たり利益の何倍かを表す指標はPER,株主だけでなく，債権者も含めた資金提供者の立場から，企業が所有している資産全体の収益性を表すROA,当期純利益,
システム開発の対象である業務の仕組みやプロセス,情報システムの開発の際に作成される業務モデルが表現しているものは,ストラテジ,平成26年春期 問6,新規に開発する業務システムのシステム要件,現行の業務プロセスと導入予定のERPパッケージが前提とする業務プロセスとの差異,,
PoC Proof of Concept,理論、原理を実証するために行われる小規模な実現や研究的な実験のことを何という,ストラテジ,令和4年春期 問35,SoE Systems of Engagement,SoR Systems of Record,IoT Internet of Things,
A社製品の限界利益率の把握,内部環境の分析に該当するものは,ストラテジ,平成23年特別 問7,A社製品の市場価格の調査,A社製品の代替品の市場調査,A社製品の競り合い製品の特徴の洗出し,
市場占有率=顧客の指標,BSCで顧客の視点に関する業績評価指標とは,ストラテジ,平成22年春期 問20,特許取得件数=学習と成長の指標,キャッシュフロー=財務の指標,開発効率=ビジネスの指標,
商品の製造会社,JANコード中にデータとして組み込まれている情報は？,ストラテジ,平成22年春期 問22,商品の製造費,商品のロット番号,期待値を大きくする=広告する,https://www.itpassportsiken.com/kakomon/23_aki/q24.html
業務プロセス,バランススコアカードの四つの視点のうち歩留り率を設定する視点は,ストラテジ,平成26年春期 問23,学習と成長,顧客,財務,https://www.itpassportsiken.com/kakomon/26_haru/q23.html
公開鍵暗号方式,暗号化に関する記述は？,ストラテジ,平成21年春期 問77,電子署名には，公開鍵暗号方式が使われるわけではない,共通鍵暗号方式では，暗号文と共通鍵を同時に送信する。,暗号文を平文に戻すことをリセットという。,https://www.itpassportsiken.com/kakomon/21_haru/q77.html
特定の企業やグループなどが採用した仕様が広く使用されるようになり，事実上の業界標準になったもの,デファクトスタンダード,ストラテジ,平成21年秋期 問1,工業や科学技術に関して，国際標準化機構が定めた規格,特定の国や企業などに限られた基準ではなく，世界中どこでも適用される規格,電子技術分野を除く全産業分野の国際標準規格を策定するISOがある。,https://www.itpassportsiken.com/word/ISO.html
自社で工場を持たずに、他の企業に生産委託する企業形態,ファブレスとは,ストラテジ,平成21年秋期 問8,製品の設計、試作、製造を一括して生産受託するODA,製品の企画から製造、販売までの機能を垂直統合した製造小売業のこと,サービス提供事業者が、利用者のサーバを自社の建物内に設置し運用するハウジングサービス,https://www.itpassportsiken.com/kakomon/21_aki/q6.html
企業目標の達成に向けて行われる活動の実行状況を計るために設定する重要な指標,KPIとは,,平成27年春期 問6,経営計画で設定した目標を達成するための最も重要な要因,経営計画や業務改革が目標に沿って遂行され，想定した成果を挙げていることを確認する行為,商品やサービスの価値を機能とコストの関係で分析し，価値を向上させる手法,
外部環境要因,機会と脅威は,,平成21年秋期 問16,内部環境,強みと弱み,顧客が準備するハウジングサービス,https://www.itpassportsiken.com/word/SWOT%E5%88%86%E6%9E%90.html

